Czas,Kurs (PLN/MWh),Wolumen (Mwh)
2024-12-01 00:00:00,352.45,3128.8
2024-12-01 01:00:00,334.08,3106.1
2024-12-01 02:00:00,331.45,3065.6
2024-12-01 03:00:00,316.78,3141.0
2024-12-01 04:00:00,335.06,3103.8
2024-12-01 05:00:00,390.51,3135.0
2024-12-01 06:00:00,483.78,3942.2
2024-12-01 07:00:00,581.01,3770.6
2024-12-01 08:00:00,605.07,4151.4
2024-12-01 09:00:00,518.73,4198.6
2024-12-01 10:00:00,428.28,5181.9
2024-12-01 11:00:00,429.7,4960.1
2024-12-01 12:00:00,451.32,4628.9
2024-12-01 13:00:00,518.88,3712.7
2024-12-01 14:00:00,614.72,4169.1
2024-12-01 15:00:00,717.58,4703.3
2024-12-01 16:00:00,749.16,4936.6
2024-12-01 17:00:00,663.58,5119.1
2024-12-01 18:00:00,640.1,4999.0
2024-12-01 19:00:00,634.03,4846.9
2024-12-01 20:00:00,563.43,4335.1
2024-12-01 21:00:00,489.24,3008.8
2024-12-01 22:00:00,488.76,3681.9
2024-12-01 23:00:00,443.08,3227.5
2024-12-02 00:00:00,477.56,3346.0
2024-12-02 01:00:00,456.65,3683.8
2024-12-02 02:00:00,446.83,3597.3
2024-12-02 03:00:00,447.41,3217.4
2024-12-02 04:00:00,467.99,3330.8
2024-12-02 05:00:00,499.37,3592.0
2024-12-02 06:00:00,583.59,5031.0
2024-12-02 07:00:00,657.27,4127.9
2024-12-02 08:00:00,696.88,4676.4
2024-12-02 09:00:00,684.31,4851.7
2024-12-02 10:00:00,634.52,4930.9
2024-12-02 11:00:00,654.3,4908.8
2024-12-02 12:00:00,687.96,4803.1
2024-12-02 13:00:00,781.12,4950.1
2024-12-02 14:00:00,884.46,4988.0
2024-12-02 15:00:00,1017.66,5915.4
2024-12-02 16:00:00,1034.06,6041.5
2024-12-02 17:00:00,1001.23,5886.3
2024-12-02 18:00:00,903.59,5578.9
2024-12-02 19:00:00,862.99,5422.2
2024-12-02 20:00:00,745.72,5209.4
2024-12-02 21:00:00,621.69,4456.3
2024-12-02 22:00:00,593.15,5628.5
2024-12-02 23:00:00,551.37,4888.0
2024-12-03 00:00:00,575.82,4446.4
2024-12-03 01:00:00,549.02,4431.2
2024-12-03 02:00:00,541.48,4508.1
2024-12-03 03:00:00,535.96,4531.0
2024-12-03 04:00:00,543.99,4956.5
2024-12-03 05:00:00,581.3,4980.2
2024-12-03 06:00:00,666.14,5549.6
2024-12-03 07:00:00,877.95,4592.0
2024-12-03 08:00:00,935.98,5300.1
2024-12-03 09:00:00,872.01,5335.5
2024-12-03 10:00:00,799.11,5667.3
2024-12-03 11:00:00,853.08,5385.7
2024-12-03 12:00:00,849.51,5640.6
2024-12-03 13:00:00,894.97,5758.1
2024-12-03 14:00:00,927.68,5344.3
2024-12-03 15:00:00,926.62,5975.4
2024-12-03 16:00:00,1039.2,5387.9
2024-12-03 17:00:00,1005.68,5327.9
2024-12-03 18:00:00,921.73,5202.3
2024-12-03 19:00:00,858.25,5342.6
2024-12-03 20:00:00,735.94,5218.9
2024-12-03 21:00:00,618.14,5295.2
2024-12-03 22:00:00,592.36,6039.1
2024-12-03 23:00:00,567.08,4295.5
2024-12-04 00:00:00,519.47,4136.3
2024-12-04 01:00:00,495.26,4715.1
2024-12-04 02:00:00,484.34,4587.5
2024-12-04 03:00:00,482.82,4515.2
2024-12-04 04:00:00,498.73,4833.9
2024-12-04 05:00:00,547.26,5090.1
2024-12-04 06:00:00,692.45,6336.6
2024-12-04 07:00:00,967.09,5720.8
2024-12-04 08:00:00,1067.59,6040.9
2024-12-04 09:00:00,932.97,5800.9
2024-12-04 10:00:00,823.51,5895.2
2024-12-04 11:00:00,861.71,5759.2
2024-12-04 12:00:00,903.62,5973.7
2024-12-04 13:00:00,887.89,5843.7
2024-12-04 14:00:00,1043.9,6093.7
2024-12-04 15:00:00,913.54,6597.3
2024-12-04 16:00:00,1005.5,6186.7
2024-12-04 17:00:00,823.84,5439.9
2024-12-04 18:00:00,706.06,5177.6
2024-12-04 19:00:00,610.52,5289.1
2024-12-04 20:00:00,538.86,5094.2
2024-12-04 21:00:00,478.76,4073.3
2024-12-04 22:00:00,470.68,4321.8
2024-12-04 23:00:00,406.54,4106.3
2024-12-05 00:00:00,326.98,3889.1
2024-12-05 01:00:00,250.03,4372.4
2024-12-05 02:00:00,186.91,4725.9
2024-12-05 03:00:00,175.03,5029.4
2024-12-05 04:00:00,188.74,5061.3
2024-12-05 05:00:00,247.68,5050.4
2024-12-05 06:00:00,439.46,5226.2
2024-12-05 07:00:00,497.72,5139.6
2024-12-05 08:00:00,540.8,5805.7
2024-12-05 09:00:00,531.49,5809.3
2024-12-05 10:00:00,498.7,5507.2
2024-12-05 11:00:00,489.08,4913.2
2024-12-05 12:00:00,599.38,5894.5
2024-12-05 13:00:00,553.37,5265.7
2024-12-05 14:00:00,591.89,5527.3
2024-12-05 15:00:00,628.35,5445.5
2024-12-05 16:00:00,616.0,5783.1
2024-12-05 17:00:00,625.75,5242.1
2024-12-05 18:00:00,610.19,4840.9
2024-12-05 19:00:00,630.15,4701.0
2024-12-05 20:00:00,556.31,4729.1
2024-12-05 21:00:00,540.75,4618.1
2024-12-05 22:00:00,516.12,4529.8
2024-12-05 23:00:00,470.38,4031.5
2024-12-06 00:00:00,475.38,4183.3
2024-12-06 01:00:00,462.52,3961.5
2024-12-06 02:00:00,445.72,3834.8
2024-12-06 03:00:00,433.55,3600.1
2024-12-06 04:00:00,436.74,3655.6
2024-12-06 05:00:00,459.54,3797.6
2024-12-06 06:00:00,527.07,3972.9
2024-12-06 07:00:00,565.76,4560.7
2024-12-06 08:00:00,654.73,4938.7
2024-12-06 09:00:00,662.87,5290.6
2024-12-06 10:00:00,629.98,5319.6
2024-12-06 11:00:00,615.08,5390.4
2024-12-06 12:00:00,613.94,5313.8
2024-12-06 13:00:00,599.58,5911.2
2024-12-06 14:00:00,599.71,5709.3
2024-12-06 15:00:00,637.19,5683.3
2024-12-06 16:00:00,675.09,5788.4
2024-12-06 17:00:00,598.29,5379.3
2024-12-06 18:00:00,551.18,5293.6
2024-12-06 19:00:00,521.84,5231.5
2024-12-06 20:00:00,515.25,4752.0
2024-12-06 21:00:00,475.15,4076.8
2024-12-06 22:00:00,461.45,3486.8
2024-12-06 23:00:00,404.52,3150.2
2024-12-07 00:00:00,376.06,2694.9
2024-12-07 01:00:00,352.55,2738.6
2024-12-07 02:00:00,354.06,2720.7
2024-12-07 03:00:00,359.19,2666.1
2024-12-07 04:00:00,366.77,2463.2
2024-12-07 05:00:00,394.93,2507.1
2024-12-07 06:00:00,402.52,2532.0
2024-12-07 07:00:00,433.48,2526.2
2024-12-07 08:00:00,450.83,3192.1
2024-12-07 09:00:00,469.95,3420.8
2024-12-07 10:00:00,474.26,3982.9
2024-12-07 11:00:00,490.09,4313.1
2024-12-07 12:00:00,495.36,4190.1
2024-12-07 13:00:00,504.09,4233.2
2024-12-07 14:00:00,520.55,4597.7
2024-12-07 15:00:00,584.03,4668.1
2024-12-07 16:00:00,637.08,4495.7
2024-12-07 17:00:00,618.73,4329.3
2024-12-07 18:00:00,582.0,4417.0
2024-12-07 19:00:00,583.44,4429.8
2024-12-07 20:00:00,531.53,4256.1
2024-12-07 21:00:00,487.84,3735.2
2024-12-07 22:00:00,449.25,3786.4
2024-12-07 23:00:00,387.13,3134.0
2024-12-08 00:00:00,381.5,2787.4
2024-12-08 01:00:00,374.6,2949.5
2024-12-08 02:00:00,346.24,3109.2
2024-12-08 03:00:00,340.71,2838.7
2024-12-08 04:00:00,356.33,2908.0
2024-12-08 05:00:00,385.06,3047.5
2024-12-08 06:00:00,509.09,4012.0
2024-12-08 07:00:00,595.54,4368.6
2024-12-08 08:00:00,640.56,4640.7
2024-12-08 09:00:00,612.15,4817.2
2024-12-08 10:00:00,569.8,5319.3
2024-12-08 11:00:00,559.81,5321.9
2024-12-08 12:00:00,551.3,5254.9
2024-12-08 13:00:00,558.06,5350.3
2024-12-08 14:00:00,559.01,5272.1
2024-12-08 15:00:00,562.56,4744.5
2024-12-08 16:00:00,558.67,4830.7
2024-12-08 17:00:00,554.13,4613.6
2024-12-08 18:00:00,552.29,4535.8
2024-12-08 19:00:00,550.0,4653.8
2024-12-08 20:00:00,484.06,4618.1
2024-12-08 21:00:00,429.46,3937.9
2024-12-08 22:00:00,432.32,4780.9
2024-12-08 23:00:00,394.04,3987.5
2024-12-09 00:00:00,422.37,3454.0
2024-12-09 01:00:00,411.86,3570.0
2024-12-09 02:00:00,408.75,3593.7
2024-12-09 03:00:00,414.79,3494.6
2024-12-09 04:00:00,426.85,3246.6
2024-12-09 05:00:00,460.67,3745.0
2024-12-09 06:00:00,562.73,5255.1
2024-12-09 07:00:00,640.48,4466.0
2024-12-09 08:00:00,686.88,5191.0
2024-12-09 09:00:00,686.26,5772.1
2024-12-09 10:00:00,650.05,5599.8
2024-12-09 11:00:00,675.86,5832.8
2024-12-09 12:00:00,702.69,5953.0
2024-12-09 13:00:00,776.86,6169.6
2024-12-09 14:00:00,811.0,5550.1
2024-12-09 15:00:00,825.71,5986.0
2024-12-09 16:00:00,902.75,5629.1
2024-12-09 17:00:00,853.79,5494.4
2024-12-09 18:00:00,794.69,5343.2
2024-12-09 19:00:00,777.62,5306.4
2024-12-09 20:00:00,700.31,5191.1
2024-12-09 21:00:00,595.67,4857.4
2024-12-09 22:00:00,556.32,7028.0
2024-12-09 23:00:00,521.79,6575.8
2024-12-10 00:00:00,553.81,5464.4
2024-12-10 01:00:00,529.05,5830.5
2024-12-10 02:00:00,521.33,6214.9
2024-12-10 03:00:00,518.28,6260.7
2024-12-10 04:00:00,530.27,6141.4
2024-12-10 05:00:00,565.82,7086.5
2024-12-10 06:00:00,678.72,6635.8
2024-12-10 07:00:00,1031.99,5852.5
2024-12-10 08:00:00,1248.32,6065.6
2024-12-10 09:00:00,1161.6,6175.6
2024-12-10 10:00:00,966.8,6284.2
2024-12-10 11:00:00,888.58,6327.0
2024-12-10 12:00:00,887.64,6331.2
2024-12-10 13:00:00,940.86,6280.3
2024-12-10 14:00:00,983.05,6237.8
2024-12-10 15:00:00,911.04,6459.2
2024-12-10 16:00:00,1009.56,6644.3
2024-12-10 17:00:00,867.05,6370.6
2024-12-10 18:00:00,827.53,6202.5
2024-12-10 19:00:00,789.02,5994.6
2024-12-10 20:00:00,685.05,5692.7
2024-12-10 21:00:00,616.84,5760.2
2024-12-10 22:00:00,601.92,8510.6
2024-12-10 23:00:00,567.38,8402.2
2024-12-11 00:00:00,548.82,7137.8
2024-12-11 01:00:00,517.7,7258.8
2024-12-11 02:00:00,507.18,7214.0
2024-12-11 03:00:00,501.42,6731.0
2024-12-11 04:00:00,525.17,6407.7
2024-12-11 05:00:00,551.4,7560.3
2024-12-11 06:00:00,653.59,5980.4
2024-12-11 07:00:00,1226.68,5227.8
2024-12-11 08:00:00,1381.02,6076.6
2024-12-11 09:00:00,1289.79,6041.9
2024-12-11 10:00:00,948.5,6011.9
2024-12-11 11:00:00,964.81,6223.2
2024-12-11 12:00:00,978.5,6250.3
2024-12-11 13:00:00,1045.12,6205.3
2024-12-11 14:00:00,1076.26,5837.9
2024-12-11 15:00:00,1057.88,5738.1
2024-12-11 16:00:00,966.2,5932.6
2024-12-11 17:00:00,885.56,6045.0
2024-12-11 18:00:00,803.03,5877.2
2024-12-11 19:00:00,771.85,5914.4
2024-12-11 20:00:00,648.09,5433.8
2024-12-11 21:00:00,588.61,5512.6
2024-12-11 22:00:00,595.46,8337.1
2024-12-11 23:00:00,579.18,8280.8
2024-12-12 00:00:00,546.22,6064.9
2024-12-12 01:00:00,512.42,6843.2
2024-12-12 02:00:00,498.58,6031.6
2024-12-12 03:00:00,492.66,5708.1
2024-12-12 04:00:00,502.38,5314.8
2024-12-12 05:00:00,537.89,5903.7
2024-12-12 06:00:00,660.66,5588.5
2024-12-12 07:00:00,937.1,4733.9
2024-12-12 08:00:00,1029.81,5413.3
2024-12-12 09:00:00,883.14,5426.3
2024-12-12 10:00:00,698.38,5473.7
2024-12-12 11:00:00,641.67,5871.8
2024-12-12 12:00:00,656.48,5680.1
2024-12-12 13:00:00,680.02,5059.3
2024-12-12 14:00:00,803.28,5213.2
2024-12-12 15:00:00,874.45,5020.5
2024-12-12 16:00:00,904.64,5011.7
2024-12-12 17:00:00,776.63,4945.1
2024-12-12 18:00:00,622.05,4850.7
2024-12-12 19:00:00,586.22,4860.3
2024-12-12 20:00:00,568.63,5412.5
2024-12-12 21:00:00,535.93,6545.8
2024-12-12 22:00:00,566.0,6414.4
2024-12-12 23:00:00,502.24,5966.3
2024-12-13 00:00:00,481.56,4606.6
2024-12-13 01:00:00,459.36,5479.3
2024-12-13 02:00:00,443.72,5420.9
2024-12-13 03:00:00,416.79,4559.5
2024-12-13 04:00:00,403.86,3391.5
2024-12-13 05:00:00,398.15,3657.0
2024-12-13 06:00:00,403.51,3293.9
2024-12-13 07:00:00,443.74,3985.0
2024-12-13 08:00:00,480.04,4486.4
2024-12-13 09:00:00,484.87,4954.8
2024-12-13 10:00:00,453.21,5241.0
2024-12-13 11:00:00,438.14,5151.4
2024-12-13 12:00:00,431.29,5240.8
2024-12-13 13:00:00,441.08,5167.4
2024-12-13 14:00:00,448.47,5423.4
2024-12-13 15:00:00,456.8,5150.0
2024-12-13 16:00:00,472.52,5361.2
2024-12-13 17:00:00,445.95,6045.7
2024-12-13 18:00:00,422.15,6317.1
2024-12-13 19:00:00,392.08,6177.4
2024-12-13 20:00:00,346.13,6039.4
2024-12-13 21:00:00,307.64,6041.0
2024-12-13 22:00:00,193.17,7016.3
2024-12-13 23:00:00,90.15,7094.3
2024-12-14 00:00:00,15.24,6697.3
2024-12-14 01:00:00,16.81,7005.1
2024-12-14 02:00:00,16.53,7172.8
2024-12-14 03:00:00,20.05,7169.7
2024-12-14 04:00:00,21.54,7230.8
2024-12-14 05:00:00,29.17,7336.9
2024-12-14 06:00:00,45.69,7395.3
2024-12-14 07:00:00,48.02,7442.0
2024-12-14 08:00:00,160.86,7310.3
2024-12-14 09:00:00,230.23,7121.3
2024-12-14 10:00:00,236.99,7239.5
2024-12-14 11:00:00,257.26,7275.2
2024-12-14 12:00:00,275.38,7324.4
2024-12-14 13:00:00,283.73,6602.8
2024-12-14 14:00:00,303.62,6090.1
2024-12-14 15:00:00,314.46,5679.6
2024-12-14 16:00:00,320.79,6008.0
2024-12-14 17:00:00,315.22,5958.5
2024-12-14 18:00:00,309.16,6183.0
2024-12-14 19:00:00,290.18,6313.0
2024-12-14 20:00:00,249.67,6362.3
2024-12-14 21:00:00,111.87,6547.5
2024-12-14 22:00:00,33.06,7381.7
2024-12-14 23:00:00,7.72,7434.4
2024-12-15 00:00:00,-36.31,6487.5
2024-12-15 01:00:00,-19.62,6815.9
2024-12-15 02:00:00,-27.0,6620.3
2024-12-15 03:00:00,-33.74,7022.6
2024-12-15 04:00:00,-12.2,6720.4
2024-12-15 05:00:00,7.62,7435.0
2024-12-15 06:00:00,237.98,6458.4
2024-12-15 07:00:00,329.49,6108.4
2024-12-15 08:00:00,397.48,6652.5
2024-12-15 09:00:00,396.44,6629.8
2024-12-15 10:00:00,387.31,6675.6
2024-12-15 11:00:00,374.41,6606.7
2024-12-15 12:00:00,371.95,6767.0
2024-12-15 13:00:00,389.18,6680.8
2024-12-15 14:00:00,393.41,6828.4
2024-12-15 15:00:00,393.26,6832.1
2024-12-15 16:00:00,399.81,6307.0
2024-12-15 17:00:00,399.02,6259.5
2024-12-15 18:00:00,375.45,6155.5
2024-12-15 19:00:00,376.27,6195.4
2024-12-15 20:00:00,332.33,6156.2
2024-12-15 21:00:00,284.55,6562.9
2024-12-15 22:00:00,195.83,6424.8
2024-12-15 23:00:00,45.79,6742.1
2024-12-16 00:00:00,-10.35,7212.7
2024-12-16 01:00:00,-13.32,7584.8
2024-12-16 02:00:00,-6.23,7680.8
2024-12-16 03:00:00,-6.66,7735.3
2024-12-16 04:00:00,3.03,7890.8
2024-12-16 05:00:00,108.55,7193.7
2024-12-16 06:00:00,310.82,6650.1
2024-12-16 07:00:00,367.74,7081.1
2024-12-16 08:00:00,450.22,7096.5
2024-12-16 09:00:00,450.83,7089.8
2024-12-16 10:00:00,426.58,7378.8
2024-12-16 11:00:00,418.26,7422.7
2024-12-16 12:00:00,429.22,7192.0
2024-12-16 13:00:00,447.75,6679.3
2024-12-16 14:00:00,466.02,6360.9
2024-12-16 15:00:00,481.17,6408.0
2024-12-16 16:00:00,496.11,6577.7
2024-12-16 17:00:00,515.62,6718.7
2024-12-16 18:00:00,511.21,6366.5
2024-12-16 19:00:00,503.66,5305.4
2024-12-16 20:00:00,477.69,4391.6
2024-12-16 21:00:00,386.9,4932.7
2024-12-16 22:00:00,384.48,4721.6
2024-12-16 23:00:00,339.21,3900.5
2024-12-17 00:00:00,348.1,3591.6
2024-12-17 01:00:00,332.22,3376.4
2024-12-17 02:00:00,338.0,3265.2
2024-12-17 03:00:00,373.21,3186.6
2024-12-17 04:00:00,391.33,3099.9
2024-12-17 05:00:00,445.31,3841.4
2024-12-17 06:00:00,764.57,4889.1
2024-12-17 07:00:00,837.95,4730.4
2024-12-17 08:00:00,861.39,4973.0
2024-12-17 09:00:00,674.68,4922.3
2024-12-17 10:00:00,446.56,5188.6
2024-12-17 11:00:00,431.29,5479.9
2024-12-17 12:00:00,436.97,5338.2
2024-12-17 13:00:00,444.6,5107.5
2024-12-17 14:00:00,455.52,4916.9
2024-12-17 15:00:00,472.88,5001.5
2024-12-17 16:00:00,457.5,5444.4
2024-12-17 17:00:00,420.58,5819.3
2024-12-17 18:00:00,388.19,5870.2
2024-12-17 19:00:00,360.71,5901.9
2024-12-17 20:00:00,319.37,6130.1
2024-12-17 21:00:00,198.08,6554.2
2024-12-17 22:00:00,176.99,6351.1
2024-12-17 23:00:00,59.61,6899.4
2024-12-18 00:00:00,14.53,6466.6
2024-12-18 01:00:00,2.23,6490.8
2024-12-18 02:00:00,6.36,6141.1
2024-12-18 03:00:00,15.67,5598.1
2024-12-18 04:00:00,41.21,5439.7
2024-12-18 05:00:00,118.88,5263.4
2024-12-18 06:00:00,335.81,5491.1
2024-12-18 07:00:00,345.22,5449.2
2024-12-18 08:00:00,369.31,5484.3
2024-12-18 09:00:00,330.79,6039.0
2024-12-18 10:00:00,308.24,6292.9
2024-12-18 11:00:00,314.2,6466.4
2024-12-18 12:00:00,327.12,6047.5
2024-12-18 13:00:00,358.97,5904.4
2024-12-18 14:00:00,376.15,5676.3
2024-12-18 15:00:00,367.76,5693.6
2024-12-18 16:00:00,375.6,5971.0
2024-12-18 17:00:00,384.61,5989.7
2024-12-18 18:00:00,395.34,6250.0
2024-12-18 19:00:00,369.89,5857.4
2024-12-18 20:00:00,327.83,5507.7
2024-12-18 21:00:00,264.67,5725.1
2024-12-18 22:00:00,235.8,5296.4
2024-12-18 23:00:00,96.79,5646.8
2024-12-19 00:00:00,42.1,6194.2
2024-12-19 01:00:00,40.94,6624.7
2024-12-19 02:00:00,39.78,6726.6
2024-12-19 03:00:00,32.82,6814.0
2024-12-19 04:00:00,31.49,6778.4
2024-12-19 05:00:00,93.76,6384.3
2024-12-19 06:00:00,316.16,5777.0
2024-12-19 07:00:00,394.79,6347.3
2024-12-19 08:00:00,424.65,6226.7
2024-12-19 09:00:00,395.14,6256.7
2024-12-19 10:00:00,349.63,6973.1
2024-12-19 11:00:00,311.72,7428.8
2024-12-19 12:00:00,313.52,7346.8
2024-12-19 13:00:00,321.77,7127.9
2024-12-19 14:00:00,362.51,6522.7
2024-12-19 15:00:00,412.42,5989.2
2024-12-19 16:00:00,426.29,6160.4
2024-12-19 17:00:00,440.79,6536.1
2024-12-19 18:00:00,426.74,6282.1
2024-12-19 19:00:00,423.47,5874.5
2024-12-19 20:00:00,380.0,5131.4
2024-12-19 21:00:00,348.42,4898.6
2024-12-19 22:00:00,327.95,4229.0
2024-12-19 23:00:00,282.57,3860.6
2024-12-20 00:00:00,234.09,3811.7
2024-12-20 01:00:00,194.26,3782.4
2024-12-20 02:00:00,190.72,3784.0
2024-12-20 03:00:00,178.92,3922.9
2024-12-20 04:00:00,186.56,3845.5
2024-12-20 05:00:00,231.28,3996.0
2024-12-20 06:00:00,282.66,3770.2
2024-12-20 07:00:00,323.18,3865.5
2024-12-20 08:00:00,369.0,4557.5
2024-12-20 09:00:00,351.99,5055.8
2024-12-20 10:00:00,339.48,4904.7
2024-12-20 11:00:00,320.77,5078.2
2024-12-20 12:00:00,329.87,5233.3
2024-12-20 13:00:00,340.75,5287.3
2024-12-20 14:00:00,340.96,5100.5
2024-12-20 15:00:00,363.27,5602.8
2024-12-20 16:00:00,373.36,5724.5
2024-12-20 17:00:00,353.62,5698.0
2024-12-20 18:00:00,342.59,5150.1
2024-12-20 19:00:00,329.89,5016.4
2024-12-20 20:00:00,323.98,5218.1
2024-12-20 21:00:00,243.02,5153.1
2024-12-20 22:00:00,152.76,5294.7
2024-12-20 23:00:00,22.91,5606.0
2024-12-21 00:00:00,-1.17,5869.2
2024-12-21 01:00:00,0.35,6487.7
2024-12-21 02:00:00,-6.66,7032.8
2024-12-21 03:00:00,-4.34,7040.8
2024-12-21 04:00:00,-1.86,6964.4
2024-12-21 05:00:00,5.95,6573.7
2024-12-21 06:00:00,14.87,5909.5
2024-12-21 07:00:00,19.41,5839.2
2024-12-21 08:00:00,69.6,5574.3
2024-12-21 09:00:00,212.35,5683.5
2024-12-21 10:00:00,245.32,5865.7
2024-12-21 11:00:00,292.4,5723.2
2024-12-21 12:00:00,316.56,5105.3
2024-12-21 13:00:00,352.55,4920.0
2024-12-21 14:00:00,366.47,4530.1
2024-12-21 15:00:00,401.58,4616.3
2024-12-21 16:00:00,409.1,4977.0
2024-12-21 17:00:00,411.13,5060.5
2024-12-21 18:00:00,409.41,5141.5
2024-12-21 19:00:00,413.8,5253.7
2024-12-21 20:00:00,403.89,4805.9
2024-12-21 21:00:00,368.56,4321.3
2024-12-21 22:00:00,350.4,3667.4
2024-12-21 23:00:00,284.18,3255.8
2024-12-22 00:00:00,308.14,2875.7
2024-12-22 01:00:00,291.13,2854.4
2024-12-22 02:00:00,284.25,2887.1
2024-12-22 03:00:00,294.02,2609.7
2024-12-22 04:00:00,323.29,2333.7
2024-12-22 05:00:00,390.33,2399.2
2024-12-22 06:00:00,489.46,3243.6
2024-12-22 07:00:00,551.0,2790.7
2024-12-22 08:00:00,592.67,3140.3
2024-12-22 09:00:00,578.81,3325.4
2024-12-22 10:00:00,515.94,3420.5
2024-12-22 11:00:00,509.25,3492.6
2024-12-22 12:00:00,534.51,3398.4
2024-12-22 13:00:00,568.15,3471.2
2024-12-22 14:00:00,638.82,3771.0
2024-12-22 15:00:00,712.38,3788.2
2024-12-22 16:00:00,716.6,4371.6
2024-12-22 17:00:00,701.96,4124.8
2024-12-22 18:00:00,623.56,4181.5
2024-12-22 19:00:00,627.66,4359.9
2024-12-22 20:00:00,564.67,3852.3
2024-12-22 21:00:00,456.63,3469.1
2024-12-22 22:00:00,445.77,4172.7
2024-12-22 23:00:00,412.66,3539.0
2024-12-23 00:00:00,406.3,3135.8
2024-12-23 01:00:00,390.24,2889.5
2024-12-23 02:00:00,379.84,2755.6
2024-12-23 03:00:00,373.97,2667.9
2024-12-23 04:00:00,393.33,2673.3
2024-12-23 05:00:00,394.87,2865.9
2024-12-23 06:00:00,399.48,3391.0
2024-12-23 07:00:00,440.34,3828.3
2024-12-23 08:00:00,475.59,3273.5
2024-12-23 09:00:00,490.21,2828.8
2024-12-23 10:00:00,475.91,3332.4
2024-12-23 11:00:00,472.22,3622.6
2024-12-23 12:00:00,468.55,3833.0
2024-12-23 13:00:00,464.84,3874.0
2024-12-23 14:00:00,476.59,3936.2
2024-12-23 15:00:00,499.47,3825.0
2024-12-23 16:00:00,520.03,3747.9
2024-12-23 17:00:00,496.77,3732.6
2024-12-23 18:00:00,462.1,4842.1
2024-12-23 19:00:00,448.81,4264.2
2024-12-23 20:00:00,430.05,4375.7
2024-12-23 21:00:00,409.31,4015.5
2024-12-23 22:00:00,420.63,3896.9
2024-12-23 23:00:00,386.39,2894.1
2024-12-24 00:00:00,377.39,2505.4
2024-12-24 01:00:00,349.62,2749.8
2024-12-24 02:00:00,339.16,2996.5
2024-12-24 03:00:00,325.75,3428.4
2024-12-24 04:00:00,317.13,3295.0
2024-12-24 05:00:00,319.09,3079.7
2024-12-24 06:00:00,343.9,2964.1
2024-12-24 07:00:00,367.66,2978.1
2024-12-24 08:00:00,385.9,3032.9
2024-12-24 09:00:00,405.03,3419.2
2024-12-24 10:00:00,378.12,3336.6
2024-12-24 11:00:00,371.17,3342.0
2024-12-24 12:00:00,373.51,3630.9
2024-12-24 13:00:00,383.01,3205.2
2024-12-24 14:00:00,397.9,3134.5
2024-12-24 15:00:00,442.81,3439.7
2024-12-24 16:00:00,464.02,3753.7
2024-12-24 17:00:00,471.13,4132.6
2024-12-24 18:00:00,468.33,4248.1
2024-12-24 19:00:00,467.45,3494.3
2024-12-24 20:00:00,467.88,3652.1
2024-12-24 21:00:00,449.48,3670.2
2024-12-24 22:00:00,450.28,4146.7
2024-12-24 23:00:00,412.92,3752.7
2024-12-25 00:00:00,409.08,4114.3
2024-12-25 01:00:00,379.83,4344.1
2024-12-25 02:00:00,373.19,4268.4
2024-12-25 03:00:00,355.27,4120.7
2024-12-25 04:00:00,358.91,3907.5
2024-12-25 05:00:00,375.59,3924.0
2024-12-25 06:00:00,405.52,4194.7
2024-12-25 07:00:00,449.28,5173.4
2024-12-25 08:00:00,452.69,5289.7
2024-12-25 09:00:00,468.74,5386.2
2024-12-25 10:00:00,452.08,5376.6
2024-12-25 11:00:00,428.58,5040.0
2024-12-25 12:00:00,437.77,4302.1
2024-12-25 13:00:00,426.98,3486.9
2024-12-25 14:00:00,443.47,3288.7
2024-12-25 15:00:00,486.56,3354.2
2024-12-25 16:00:00,536.84,3081.7
2024-12-25 17:00:00,571.53,3396.9
2024-12-25 18:00:00,570.57,3496.1
2024-12-25 19:00:00,556.19,3407.6
2024-12-25 20:00:00,544.62,2958.9
2024-12-25 21:00:00,500.39,3116.6
2024-12-25 22:00:00,492.02,3635.4
2024-12-25 23:00:00,470.17,3685.5
2024-12-26 00:00:00,469.44,3532.3
2024-12-26 01:00:00,449.28,4242.4
2024-12-26 02:00:00,457.51,4292.3
2024-12-26 03:00:00,452.53,4637.8
2024-12-26 04:00:00,451.21,4352.2
2024-12-26 05:00:00,476.4,3896.3
2024-12-26 06:00:00,512.18,3810.7
2024-12-26 07:00:00,568.68,4343.9
2024-12-26 08:00:00,600.56,4193.8
2024-12-26 09:00:00,586.82,4316.0
2024-12-26 10:00:00,558.99,4381.2
2024-12-26 11:00:00,525.63,4947.1
2024-12-26 12:00:00,517.84,5241.7
2024-12-26 13:00:00,516.88,5587.5
2024-12-26 14:00:00,573.41,5040.2
2024-12-26 15:00:00,654.43,5007.1
2024-12-26 16:00:00,713.45,4691.7
2024-12-26 17:00:00,713.33,4712.5
2024-12-26 18:00:00,682.39,4728.7
2024-12-26 19:00:00,645.82,4298.6
2024-12-26 20:00:00,604.2,4410.5
2024-12-26 21:00:00,545.55,4481.2
2024-12-26 22:00:00,532.95,5866.0
2024-12-26 23:00:00,482.83,5267.2
2024-12-27 00:00:00,507.64,4568.3
2024-12-27 01:00:00,479.46,5716.7
2024-12-27 02:00:00,459.38,5949.2
2024-12-27 03:00:00,445.45,6023.6
2024-12-27 04:00:00,438.92,5658.1
2024-12-27 05:00:00,447.83,5327.3
2024-12-27 06:00:00,468.65,4700.3
2024-12-27 07:00:00,513.06,6029.5
2024-12-27 08:00:00,534.52,6351.8
2024-12-27 09:00:00,535.92,6218.6
2024-12-27 10:00:00,504.43,5449.1
2024-12-27 11:00:00,483.63,4986.2
2024-12-27 12:00:00,476.92,4775.7
2024-12-27 13:00:00,479.73,4645.6
2024-12-27 14:00:00,504.26,5009.8
2024-12-27 15:00:00,562.37,5930.4
2024-12-27 16:00:00,603.61,5508.6
2024-12-27 17:00:00,612.01,5711.6
2024-12-27 18:00:00,604.75,5745.8
2024-12-27 19:00:00,586.52,5897.2
2024-12-27 20:00:00,540.66,6100.3
2024-12-27 21:00:00,514.64,5278.9
2024-12-27 22:00:00,494.6,6209.5
2024-12-27 23:00:00,459.17,6007.5
2024-12-28 00:00:00,492.7,3302.8
2024-12-28 01:00:00,452.79,3758.4
2024-12-28 02:00:00,424.72,3603.7
2024-12-28 03:00:00,402.0,3492.5
2024-12-28 04:00:00,389.38,3092.4
2024-12-28 05:00:00,380.35,3350.2
2024-12-28 06:00:00,387.91,2617.3
2024-12-28 07:00:00,413.99,2682.2
2024-12-28 08:00:00,438.09,3049.8
2024-12-28 09:00:00,433.37,3267.3
2024-12-28 10:00:00,405.98,2875.1
2024-12-28 11:00:00,392.28,2747.8
2024-12-28 12:00:00,396.59,2989.3
2024-12-28 13:00:00,404.77,3063.7
2024-12-28 14:00:00,420.34,3344.0
2024-12-28 15:00:00,460.77,3659.8
2024-12-28 16:00:00,519.73,3619.3
2024-12-28 17:00:00,476.41,3800.1
2024-12-28 18:00:00,475.08,3616.4
2024-12-28 19:00:00,461.58,3954.8
2024-12-28 20:00:00,433.89,3732.9
2024-12-28 21:00:00,382.98,3602.4
2024-12-28 22:00:00,351.46,3629.1
2024-12-28 23:00:00,276.08,3996.0
2024-12-29 00:00:00,127.32,4960.0
2024-12-29 01:00:00,120.54,5359.0
2024-12-29 02:00:00,72.02,5843.0
2024-12-29 03:00:00,52.48,6288.2
2024-12-29 04:00:00,61.27,6429.7
2024-12-29 05:00:00,122.98,6242.5
2024-12-29 06:00:00,272.85,4837.3
2024-12-29 07:00:00,336.57,5216.8
2024-12-29 08:00:00,358.01,5749.6
2024-12-29 09:00:00,377.76,6044.9
2024-12-29 10:00:00,359.54,5980.1
2024-12-29 11:00:00,365.03,5730.9
2024-12-29 12:00:00,371.66,5679.3
2024-12-29 13:00:00,389.94,5580.0
2024-12-29 14:00:00,399.37,5399.4
2024-12-29 15:00:00,424.32,5016.8
2024-12-29 16:00:00,444.97,4956.7
2024-12-29 17:00:00,446.28,5453.6
2024-12-29 18:00:00,421.9,5450.8
2024-12-29 19:00:00,407.02,5257.9
2024-12-29 20:00:00,367.09,5530.7
2024-12-29 21:00:00,289.91,6354.2
2024-12-29 22:00:00,237.87,6041.7
2024-12-29 23:00:00,68.05,6278.5
2024-12-30 00:00:00,21.83,7070.8
2024-12-30 01:00:00,21.17,7529.0
2024-12-30 02:00:00,20.54,7537.1
2024-12-30 03:00:00,22.99,7700.7
2024-12-30 04:00:00,52.88,7458.1
2024-12-30 05:00:00,39.67,7423.1
2024-12-30 06:00:00,134.55,7058.2
2024-12-30 07:00:00,264.76,8084.8
2024-12-30 08:00:00,306.71,7325.5
2024-12-30 09:00:00,308.41,7406.5
2024-12-30 10:00:00,287.42,7356.7
2024-12-30 11:00:00,281.93,7077.4
2024-12-30 12:00:00,280.75,6833.5
2024-12-30 13:00:00,320.62,6336.0
2024-12-30 14:00:00,333.8,5557.1
2024-12-30 15:00:00,383.02,5626.1
2024-12-30 16:00:00,385.25,6184.7
2024-12-30 17:00:00,371.9,5846.6
2024-12-30 18:00:00,338.22,6099.0
2024-12-30 19:00:00,297.08,6216.5
2024-12-30 20:00:00,219.26,6663.4
2024-12-30 21:00:00,78.42,8033.7
2024-12-30 22:00:00,24.58,7426.4
2024-12-30 23:00:00,17.68,7057.7
2024-12-31 00:00:00,11.95,7227.3
2024-12-31 01:00:00,-7.95,7672.3
2024-12-31 02:00:00,-15.82,7798.9
2024-12-31 03:00:00,-24.59,8153.7
2024-12-31 04:00:00,-42.94,8082.1
2024-12-31 05:00:00,-38.53,8253.7
2024-12-31 06:00:00,-74.33,7929.8
2024-12-31 07:00:00,-82.33,8222.5
2024-12-31 08:00:00,-121.06,7957.6
2024-12-31 09:00:00,-218.97,8040.4
2024-12-31 10:00:00,-247.78,7653.7
2024-12-31 11:00:00,-231.27,7890.3
2024-12-31 12:00:00,-178.75,7845.3
2024-12-31 13:00:00,-41.63,7409.2
2024-12-31 14:00:00,-15.44,7941.4
2024-12-31 15:00:00,29.28,8335.3
2024-12-31 16:00:00,40.98,7723.5
2024-12-31 17:00:00,42.56,7834.0
2024-12-31 18:00:00,40.25,7935.6
2024-12-31 19:00:00,38.36,8080.9
2024-12-31 20:00:00,34.55,8007.1
2024-12-31 21:00:00,17.87,8148.0
2024-12-31 22:00:00,14.52,8009.2
2024-12-31 23:00:00,-17.46,7993.8
